time,PM2.5,PM10,CO,CO2,temperature,humidity,pressure,CO_mVolts,temp_DHT
08:39:13,8.0,8.0,37391.0,547.0,22.147916793823242,5.0,995.0,886.0,8.0
08:39:16,8.0,8.0,42174.0,549.0,22.129167556762695,5.0,995.0,897.0,8.0
08:39:18,8.0,8.0,34783.0,546.0,22.139583587646484,5.0,995.0,880.0,8.0
08:39:20,8.0,8.0,38696.0,544.0,22.11458396911621,5.0,995.0,889.0,8.0
08:39:22,8.0,8.0,0.0,547.0,22.125,5.0,995.0,734.0,8.0
08:39:24,8.0,8.0,0.0,546.0,22.13541603088379,5.0,995.0,733.0,8.0
08:39:26,8.0,8.0,0.0,543.0,22.141666412353516,5.0,995.0,724.0,8.0
08:39:28,8.0,8.0,0.0,541.0,22.168750762939453,5.0,995.0,728.0,8.0
08:39:30,8.0,8.0,0.0,544.0,22.100000381469727,5.0,995.0,751.0,8.0
08:39:32,8.0,8.0,0.0,545.0,22.120832443237305,5.0,995.0,733.0,8.0
08:39:34,8.0,8.0,0.0,548.0,22.09166717529297,5.0,995.0,743.0,8.0
08:39:36,8.0,8.0,0.0,549.0,22.09375,5.0,995.0,758.0,8.0
08:39:38,8.0,8.0,0.0,548.0,22.081249237060547,5.0,995.0,766.0,8.0
08:39:40,8.0,8.0,0.0,549.0,22.07291603088379,5.0,995.0,737.0,8.0
08:39:42,8.0,8.0,0.0,548.0,22.070833206176758,5.0,995.0,778.0,8.0
08:39:44,8.0,8.0,0.0,551.0,22.014583587646484,5.0,995.0,731.0,8.0
08:39:46,8.0,8.0,0.0,550.0,22.07291603088379,5.0,995.0,749.0,8.0
08:39:48,8.0,8.0,0.0,551.0,22.04166603088379,5.0,995.0,770.0,8.0
08:39:50,8.0,8.0,19130.0,551.0,22.05208396911621,5.0,995.0,844.0,8.0
08:39:52,8.0,8.0,5217.0,550.0,22.068750381469727,5.0,995.0,812.0,8.0
08:39:54,8.0,8.0,39130.0,547.0,22.039583206176758,5.0,995.0,890.0,8.0
08:39:56,8.0,8.0,30000.0,549.0,22.054166793823242,5.0,995.0,869.0,8.0
08:39:58,8.0,8.0,0.0,548.0,22.022916793823242,5.0,995.0,728.0,8.0
08:40:00,8.0,8.0,0.0,547.0,22.00208282470703,5.0,995.0,740.0,8.0
08:40:02,8.0,8.0,0.0,551.0,22.02916717529297,5.0,995.0,743.0,8.0
08:40:04,8.0,8.0,29565.0,551.0,22.004167556762695,5.0,995.0,868.0,8.0
08:40:06,8.0,8.0,870.0,547.0,22.04166603088379,5.0,995.0,802.0,8.0
08:40:08,8.0,8.0,0.0,547.0,22.006250381469727,5.0,995.0,800.0,8.0
08:40:10,8.0,8.0,3043.0,547.0,22.014583587646484,5.0,995.0,807.0,8.0
08:40:12,7.0,7.0,0.0,547.0,22.008333206176758,5.0,995.0,725.0,8.0
08:40:14,7.0,7.0,0.0,540.0,22.012500762939453,5.0,995.0,739.0,8.0
08:40:17,7.0,7.0,0.0,543.0,22.008333206176758,5.0,995.0,742.0,8.0
08:40:19,7.0,7.0,17826.0,543.0,21.99791717529297,5.0,995.0,841.0,8.0
08:40:21,7.0,7.0,40870.0,543.0,21.98958396911621,5.0,995.0,894.0,8.0
08:40:23,7.0,7.0,36087.0,541.0,21.985416412353516,5.0,995.0,883.0,8.0
08:40:25,8.0,8.0,26957.0,541.0,21.995832443237305,5.0,995.0,862.0,8.0
08:40:27,8.0,8.0,30435.0,542.0,22.014583587646484,5.0,995.0,870.0,8.0
08:40:29,8.0,8.0,20870.0,542.0,21.995832443237305,5.0,995.0,848.0,8.0
08:40:31,8.0,8.0,15652.0,540.0,21.981250762939453,5.0,995.0,836.0,8.0
08:40:33,8.0,8.0,0.0,540.0,21.977083206176758,5.0,995.0,737.0,8.0
08:40:35,8.0,8.0,0.0,541.0,21.995832443237305,5.0,995.0,767.0,8.0
08:40:37,8.0,8.0,0.0,541.0,21.975000381469727,5.0,995.0,758.0,8.0
08:40:39,8.0,8.0,0.0,541.0,22.00208282470703,5.0,995.0,753.0,8.0
08:40:41,8.0,8.0,0.0,536.0,21.98958396911621,5.0,995.0,785.0,8.0
08:40:43,8.0,8.0,0.0,536.0,21.991666793823242,5.0,995.0,746.0,8.0
08:40:45,8.0,8.0,0.0,536.0,22.027082443237305,5.0,995.0,781.0,8.0
08:40:47,8.0,8.0,0.0,537.0,21.952083587646484,5.0,995.0,747.0,8.0
08:40:49,8.0,8.0,0.0,535.0,22.008333206176758,5.0,995.0,766.0,8.0
08:40:51,8.0,8.0,0.0,533.0,21.960416793823242,5.0,995.0,749.0,8.0
08:40:53,8.0,8.0,0.0,532.0,22.004167556762695,5.0,995.0,755.0,8.0
08:40:55,8.0,8.0,0.0,535.0,21.977083206176758,5.0,995.0,732.0,8.0
08:40:57,8.0,8.0,0.0,536.0,21.991666793823242,5.0,995.0,745.0,8.0
08:40:59,8.0,8.0,0.0,536.0,21.956249237060547,5.0,995.0,740.0,8.0
08:41:01,8.0,8.0,6957.0,540.0,21.956249237060547,5.0,995.0,816.0,8.0
08:41:03,7.0,7.0,12174.0,542.0,21.95833396911621,5.0,995.0,828.0,8.0
08:41:05,7.0,7.0,18696.0,543.0,21.956249237060547,5.0,995.0,843.0,8.0
08:41:07,7.0,7.0,0.0,539.0,21.97916603088379,5.0,995.0,792.0,8.0
08:41:09,7.0,7.0,0.0,538.0,21.929166793823242,5.0,995.0,742.0,8.0
08:41:11,7.0,7.0,0.0,537.0,21.920833587646484,5.0,995.0,731.0,8.0
08:41:13,7.0,7.0,0.0,537.0,21.964582443237305,5.0,995.0,745.0,8.0
08:41:15,7.0,7.0,20000.0,534.0,21.945833206176758,5.0,995.0,846.0,8.0
08:41:18,8.0,8.0,0.0,532.0,21.977083206176758,5.0,995.0,779.0,8.0
08:41:20,7.0,7.0,0.0,530.0,21.93958282470703,5.0,995.0,718.0,8.0
08:41:22,7.0,7.0,0.0,531.0,21.922916412353516,5.0,995.0,736.0,8.0
08:41:24,7.0,7.0,0.0,528.0,21.954166412353516,5.0,995.0,732.0,8.0
08:41:26,7.0,7.0,0.0,529.0,21.945833206176758,5.0,995.0,727.0,8.0
08:41:28,7.0,7.0,0.0,528.0,21.941667556762695,5.0,995.0,736.0,8.0
08:41:30,7.0,7.0,31304.0,530.0,21.952083587646484,5.0,995.0,872.0,8.0
08:41:32,7.0,7.0,21739.0,529.0,21.945833206176758,5.0,995.0,850.0,8.0
08:41:34,7.0,7.0,33043.0,532.0,21.931249618530273,5.0,995.0,876.0,8.0
08:41:36,8.0,8.0,37826.0,530.0,21.93958282470703,5.0,995.0,887.0,8.0
08:41:38,8.0,8.0,0.0,533.0,21.943750381469727,5.0,995.0,790.0,8.0
08:41:40,8.0,8.0,0.0,533.0,21.90833282470703,5.0,995.0,712.0,8.0
08:41:42,8.0,8.0,0.0,534.0,21.950000762939453,5.0,995.0,726.0,8.0
08:41:44,8.0,8.0,35217.0,535.0,21.897916793823242,5.0,995.0,881.0,8.0
08:41:46,7.0,7.0,30435.0,535.0,21.914583206176758,5.0,995.0,870.0,8.0
08:41:48,7.0,7.0,33478.0,537.0,21.87708282470703,5.0,995.0,877.0,8.0
08:41:50,7.0,7.0,37391.0,538.0,21.910417556762695,5.0,995.0,886.0,8.0
08:41:52,8.0,8.0,0.0,537.0,21.920833587646484,5.0,995.0,724.0,8.0
08:41:54,8.0,8.0,0.0,536.0,21.93958282470703,5.0,995.0,738.0,8.0
08:41:56,8.0,8.0,0.0,535.0,21.956249237060547,5.0,995.0,709.0,8.0
08:41:58,8.0,8.0,10435.0,535.0,21.943750381469727,5.0,995.0,824.0,8.0
08:42:00,8.0,8.0,0.0,535.0,21.924999237060547,5.0,995.0,765.0,8.0
08:42:02,8.0,8.0,0.0,536.0,21.975000381469727,5.0,995.0,743.0,8.0
08:42:04,8.0,8.0,0.0,535.0,21.972917556762695,5.0,995.0,771.0,8.0
08:42:06,8.0,8.0,0.0,535.0,21.960416793823242,5.0,995.0,738.0,8.0
08:42:08,8.0,8.0,0.0,532.0,21.899999618530273,5.0,995.0,741.0,8.0
08:42:10,8.0,8.0,0.0,528.0,21.902082443237305,5.0,995.0,713.0,8.0
08:42:12,8.0,8.0,26087.0,528.0,21.90833282470703,5.0,995.0,860.0,8.0
08:42:14,8.0,8.0,32174.0,526.0,21.91666603088379,5.0,995.0,874.0,8.0
08:42:16,8.0,8.0,20870.0,592.0,21.94791603088379,5.0,995.0,848.0,8.0
08:42:19,8.0,8.0,11739.0,592.0,21.929166793823242,5.0,995.0,827.0,8.0
08:42:21,8.0,8.0,870.0,699.0,21.902082443237305,5.0,995.0,802.0,8.0
08:42:23,8.0,8.0,22609.0,998.0,21.9375,5.0,995.0,852.0,8.0
08:42:25,8.0,8.0,0.0,998.0,21.956249237060547,5.0,995.0,777.0,8.0
08:42:27,8.0,8.0,23913.0,1119.0,21.96666717529297,5.0,995.0,855.0,8.0
08:42:29,8.0,8.0,10435.0,1404.0,21.97916603088379,5.0,995.0,824.0,8.0
08:42:31,8.0,8.0,24783.0,1552.0,21.929166793823242,5.0,995.0,857.0,8.0
08:42:33,8.0,8.0,18696.0,1552.0,21.94791603088379,5.0,995.0,843.0,8.0
08:42:35,8.0,8.0,0.0,1748.0,21.952083587646484,5.0,995.0,739.0,8.0
08:42:37,8.0,8.0,0.0,1844.0,21.954166412353516,5.0,995.0,757.0,8.0
08:42:39,8.0,8.0,0.0,1844.0,21.956249237060547,5.0,995.0,737.0,8.0
08:42:41,8.0,8.0,8261.0,1960.0,21.97916603088379,5.0,995.0,819.0,8.0
08:42:43,8.0,8.0,21739.0,2174.0,21.952083587646484,5.0,995.0,850.0,8.0
08:42:45,8.0,8.0,0.0,2253.0,22.018749237060547,5.0,995.0,760.0,8.0
08:42:47,8.0,8.0,0.0,2253.0,22.022916793823242,5.0,995.0,759.0,8.0
08:42:49,8.0,8.0,0.0,2464.0,21.993749618530273,5.0,995.0,796.0,8.0
08:42:51,8.0,8.0,0.0,2539.0,22.00208282470703,5.0,995.0,776.0,8.0
08:42:53,8.0,8.0,0.0,2539.0,21.985416412353516,5.0,995.0,796.0,8.0
08:42:55,8.0,8.0,0.0,2638.0,21.993749618530273,5.0,995.0,761.0,8.0
08:42:57,7.0,7.0,0.0,2713.0,22.01041603088379,5.0,995.0,775.0,8.0
08:42:59,7.0,7.0,1739.0,2718.0,22.06458282470703,5.0,995.0,804.0,8.0
08:43:01,7.0,7.0,0.0,2739.0,22.08333396911621,5.0,995.0,791.0,8.0
08:43:03,7.0,7.0,7826.0,2780.0,22.06458282470703,5.0,995.0,818.0,8.0
08:43:05,7.0,7.0,12174.0,2802.0,22.0625,5.0,995.0,828.0,8.0
08:43:07,7.0,7.0,5217.0,2903.0,22.054166793823242,5.0,995.0,812.0,8.0
08:43:09,7.0,7.0,0.0,2890.0,22.066667556762695,5.0,995.0,768.0,8.0
08:43:11,8.0,8.0,0.0,2891.0,22.087499618530273,5.0,995.0,767.0,8.0
08:43:13,8.0,8.0,0.0,2876.0,22.054166793823242,5.0,995.0,775.0,8.0
08:43:15,8.0,8.0,0.0,2870.0,22.081249237060547,5.0,995.0,776.0,8.0
08:43:17,8.0,8.0,0.0,2919.0,22.03333282470703,5.0,995.0,765.0,8.0
08:43:20,8.0,8.0,0.0,2882.0,22.018749237060547,5.0,995.0,759.0,8.0
08:43:22,8.0,8.0,0.0,2908.0,22.02916717529297,5.0,995.0,761.0,8.0
08:43:24,8.0,8.0,11739.0,2908.0,22.04166603088379,5.0,995.0,827.0,8.0
08:43:26,8.0,8.0,20435.0,2909.0,22.066667556762695,5.0,995.0,847.0,8.0
08:43:28,8.0,8.0,15652.0,2911.0,22.06041717529297,5.0,995.0,836.0,8.0
08:43:30,8.0,8.0,15217.0,2915.0,22.06458282470703,5.0,995.0,835.0,8.0
08:43:32,7.0,7.0,0.0,2919.0,22.09375,5.0,995.0,761.0,8.0
08:43:34,7.0,7.0,0.0,2921.0,22.089582443237305,5.0,995.0,753.0,8.0
08:43:36,7.0,7.0,0.0,2922.0,22.079166412353516,5.0,995.0,756.0,8.0
08:43:38,7.0,7.0,5217.0,2922.0,22.0625,5.0,995.0,812.0,8.0
08:43:40,7.0,7.0,0.0,2919.0,22.04166603088379,5.0,995.0,795.0,8.0
08:43:42,7.0,7.0,19130.0,2921.0,22.03125,5.0,995.0,844.0,8.0
08:43:44,7.0,7.0,0.0,2927.0,22.018749237060547,5.0,995.0,787.0,8.0
08:43:46,7.0,7.0,0.0,2928.0,22.035417556762695,5.0,995.0,781.0,8.0
08:43:48,7.0,7.0,20435.0,2935.0,22.049999237060547,5.0,995.0,847.0,8.0
08:43:50,7.0,7.0,0.0,2935.0,22.043750762939453,5.0,995.0,794.0,8.0
08:43:52,7.0,7.0,0.0,2934.0,22.043750762939453,5.0,995.0,799.0,8.0
08:43:54,7.0,7.0,0.0,2938.0,22.058332443237305,5.0,995.0,798.0,8.0
08:43:56,7.0,7.0,0.0,2936.0,22.02916717529297,5.0,995.0,774.0,8.0
08:43:58,7.0,7.0,0.0,2942.0,21.985416412353516,5.0,995.0,747.0,8.0
08:44:00,7.0,7.0,0.0,2933.0,22.018749237060547,5.0,995.0,731.0,8.0
08:44:02,7.0,7.0,0.0,2804.0,21.975000381469727,5.0,995.0,756.0,8.0
08:44:04,7.0,7.0,0.0,2669.0,21.952083587646484,5.0,995.0,757.0,8.0
08:44:06,8.0,8.0,0.0,2505.0,21.956249237060547,5.0,995.0,781.0,8.0
08:44:08,8.0,8.0,10870.0,2339.0,21.943750381469727,5.0,995.0,825.0,8.0
08:44:10,8.0,8.0,4348.0,2052.0,21.993749618530273,5.0,995.0,810.0,8.0
08:44:12,8.0,8.0,0.0,2052.0,21.987499237060547,5.0,995.0,794.0,8.0
08:44:14,8.0,8.0,0.0,1933.0,21.97916603088379,5.0,995.0,728.0,8.0
08:44:16,8.0,8.0,0.0,1746.0,21.97916603088379,5.0,995.0,716.0,8.0
08:44:19,8.0,8.0,0.0,1599.0,22.0,5.0,995.0,738.0,8.0
08:44:21,8.0,8.0,26957.0,1599.0,21.987499237060547,5.0,995.0,862.0,8.0
08:44:23,8.0,8.0,40435.0,1496.0,21.97083282470703,5.0,995.0,893.0,8.0
08:44:25,8.0,8.0,37826.0,1345.0,21.964582443237305,5.0,995.0,887.0,8.0
08:44:27,8.0,8.0,30000.0,1345.0,21.977083206176758,5.0,995.0,869.0,8.0
08:44:29,8.0,8.0,36522.0,1291.0,21.97083282470703,5.0,995.0,884.0,8.0
08:44:31,8.0,8.0,36957.0,1175.0,21.96666717529297,5.0,995.0,885.0,8.0
08:44:33,8.0,8.0,33913.0,1121.0,21.941667556762695,5.0,995.0,878.0,8.0
08:44:35,8.0,8.0,0.0,1121.0,21.977083206176758,5.0,995.0,723.0,8.0
08:44:37,8.0,8.0,0.0,1027.0,21.964582443237305,5.0,995.0,724.0,8.0
08:44:39,8.0,8.0,0.0,983.0,21.922916412353516,5.0,995.0,730.0,8.0
08:44:41,8.0,8.0,0.0,983.0,21.914583206176758,5.0,995.0,731.0,8.0
08:44:43,8.0,8.0,0.0,908.0,21.922916412353516,5.0,995.0,738.0,8.0
08:44:45,7.0,7.0,0.0,834.0,21.931249618530273,5.0,995.0,738.0,8.0
08:44:47,7.0,7.0,0.0,825.0,21.862499237060547,5.0,995.0,741.0,8.0
08:44:49,7.0,7.0,1739.0,784.0,21.866666793823242,5.0,995.0,804.0,8.0
08:44:51,8.0,8.0,16957.0,753.0,21.92708396911621,5.0,995.0,839.0,8.0
08:44:53,8.0,8.0,0.0,747.0,21.918750762939453,5.0,995.0,747.0,8.0
08:44:55,8.0,8.0,0.0,747.0,21.902082443237305,5.0,995.0,747.0,8.0
08:44:57,8.0,8.0,0.0,691.0,21.891666412353516,5.0,995.0,727.0,8.0
08:44:59,8.0,8.0,0.0,669.0,21.920833587646484,5.0,995.0,751.0,8.0
08:45:01,8.0,8.0,0.0,667.0,21.929166793823242,5.0,995.0,735.0,8.0
08:45:03,8.0,8.0,0.0,652.0,21.93958282470703,5.0,995.0,768.0,8.0
08:45:05,8.0,8.0,0.0,645.0,21.91666603088379,5.0,995.0,789.0,8.0
08:45:07,8.0,8.0,0.0,654.0,21.910417556762695,5.0,995.0,767.0,8.0
08:45:09,8.0,8.0,0.0,624.0,21.922916412353516,5.0,995.0,739.0,8.0
08:45:11,8.0,8.0,0.0,646.0,21.897916793823242,5.0,995.0,759.0,8.0
08:45:13,8.0,8.0,0.0,664.0,21.924999237060547,5.0,995.0,708.0,8.0
08:45:15,8.0,8.0,0.0,658.0,21.931249618530273,5.0,995.0,780.0,8.0
08:45:18,8.0,8.0,0.0,652.0,21.920833587646484,5.0,995.0,762.0,8.0
08:45:20,8.0,8.0,0.0,615.0,21.89583396911621,5.0,995.0,772.0,8.0
08:45:22,8.0,8.0,4348.0,622.0,21.89583396911621,5.0,995.0,810.0,8.0
08:45:24,8.0,8.0,0.0,604.0,21.920833587646484,5.0,995.0,768.0,8.0
08:45:26,8.0,8.0,19130.0,605.0,21.86458396911621,5.0,995.0,844.0,8.0
08:45:28,8.0,8.0,29130.0,602.0,21.89583396911621,5.0,995.0,867.0,8.0
08:45:30,8.0,8.0,31739.0,600.0,21.889583587646484,5.0,995.0,873.0,8.0
08:45:32,8.0,8.0,0.0,600.0,21.897916793823242,5.0,995.0,711.0,8.0
08:45:34,8.0,8.0,0.0,601.0,21.883333206176758,5.0,995.0,722.0,8.0
08:45:36,8.0,8.0,0.0,597.0,21.910417556762695,5.0,995.0,730.0,8.0
08:45:38,8.0,8.0,0.0,597.0,21.868749618530273,5.0,995.0,730.0,8.0
08:45:40,8.0,8.0,0.0,596.0,21.90416717529297,5.0,995.0,733.0,8.0
08:45:42,8.0,8.0,0.0,591.0,21.889583587646484,5.0,995.0,759.0,8.0
08:45:44,8.0,8.0,3913.0,588.0,21.893749237060547,5.0,995.0,809.0,8.0
08:45:46,8.0,8.0,0.0,586.0,21.862499237060547,5.0,995.0,747.0,8.0
08:45:48,8.0,8.0,0.0,584.0,21.86458396911621,5.0,995.0,720.0,8.0
08:45:50,8.0,8.0,0.0,585.0,21.84375,5.0,995.0,724.0,8.0
08:45:52,8.0,8.0,0.0,583.0,21.84375,5.0,995.0,716.0,8.0
08:45:54,8.0,8.0,0.0,579.0,21.860416412353516,5.0,995.0,720.0,8.0
08:45:56,8.0,8.0,0.0,576.0,21.852083206176758,5.0,995.0,714.0,8.0
08:45:58,8.0,8.0,0.0,572.0,21.829166412353516,5.0,995.0,699.0,8.0
08:46:00,8.0,8.0,0.0,572.0,21.839582443237305,5.0,995.0,713.0,8.0
08:46:02,8.0,8.0,0.0,572.0,21.82291603088379,5.0,995.0,779.0,8.0
08:46:04,8.0,8.0,0.0,568.0,21.83333396911621,5.0,995.0,795.0,8.0
08:46:06,7.0,7.0,0.0,568.0,21.858333587646484,5.0,995.0,790.0,8.0
08:46:08,7.0,7.0,13478.0,644.0,21.891666412353516,5.0,995.0,831.0,8.0
08:46:10,7.0,7.0,15217.0,759.0,21.899999618530273,5.0,995.0,835.0,8.0
08:46:13,7.0,7.0,7826.0,1027.0,21.91666603088379,5.0,995.0,818.0,8.0
08:46:15,7.0,7.0,7826.0,1027.0,21.910417556762695,5.0,995.0,818.0,8.0
08:46:17,7.0,7.0,20870.0,1210.0,21.910417556762695,5.0,995.0,848.0,8.0
08:46:19,7.0,7.0,3043.0,1484.0,21.914583206176758,5.0,995.0,807.0,8.0
08:46:21,7.0,7.0,0.0,1643.0,21.94791603088379,5.0,995.0,735.0,8.0
08:46:23,7.0,7.0,7391.0,1643.0,21.94791603088379,5.0,995.0,817.0,8.0
08:46:25,7.0,7.0,0.0,1830.0,21.983333587646484,5.0,995.0,793.0,8.0
08:46:27,7.0,7.0,0.0,1927.0,21.972917556762695,5.0,995.0,785.0,8.0
08:46:29,8.0,8.0,0.0,1927.0,21.975000381469727,5.0,995.0,773.0,8.0
08:46:31,8.0,8.0,0.0,2108.0,21.943750381469727,5.0,994.0,764.0,8.0
08:46:33,8.0,8.0,0.0,2200.0,22.004167556762695,5.0,995.0,763.0,8.0
08:46:35,8.0,8.0,0.0,2267.0,21.993749618530273,5.0,995.0,759.0,8.0
08:46:37,8.0,8.0,16522.0,2348.0,21.993749618530273,5.0,995.0,838.0,8.0
08:46:39,7.0,7.0,13043.0,2375.0,21.93958282470703,5.0,994.0,830.0,8.0
08:46:41,7.0,7.0,0.0,2441.0,21.985416412353516,5.0,995.0,788.0,8.0
08:46:43,7.0,7.0,0.0,2441.0,21.993749618530273,5.0,995.0,797.0,8.0
08:46:45,7.0,7.0,11304.0,2568.0,21.995832443237305,5.0,995.0,826.0,8.0
08:46:47,8.0,8.0,18696.0,2646.0,22.037500381469727,5.0,995.0,843.0,8.0
08:46:49,8.0,8.0,30870.0,2646.0,22.02916717529297,5.0,995.0,871.0,8.0
08:46:51,8.0,8.0,0.0,2695.0,21.99791717529297,5.0,995.0,756.0,8.0
08:46:53,8.0,8.0,0.0,2703.0,21.991666793823242,5.0,994.0,746.0,8.0
08:46:55,8.0,8.0,0.0,2714.0,21.995832443237305,5.0,995.0,734.0,8.0
08:46:57,8.0,8.0,0.0,2718.0,21.993749618530273,5.0,995.0,733.0,8.0
08:46:59,7.0,7.0,0.0,2750.0,21.985416412353516,5.0,995.0,763.0,8.0
08:47:01,7.0,7.0,16087.0,2725.0,22.02083396911621,5.0,995.0,837.0,8.0
08:47:03,7.0,7.0,7826.0,2747.0,21.985416412353516,5.0,995.0,818.0,8.0
08:47:05,7.0,7.0,0.0,2800.0,21.964582443237305,5.0,995.0,728.0,8.0
08:47:07,7.0,7.0,0.0,2826.0,22.018749237060547,5.0,995.0,735.0,8.0
08:47:09,7.0,7.0,0.0,2845.0,22.012500762939453,5.0,995.0,733.0,8.0
08:47:12,7.0,7.0,0.0,2869.0,22.008333206176758,5.0,995.0,743.0,8.0
08:47:14,7.0,7.0,0.0,2872.0,21.995832443237305,5.0,994.0,785.0,8.0
08:47:16,7.0,7.0,9130.0,2884.0,22.027082443237305,5.0,995.0,821.0,8.0
08:47:18,7.0,7.0,435.0,2856.0,22.049999237060547,5.0,995.0,801.0,8.0
08:47:20,8.0,8.0,0.0,2911.0,22.04166603088379,5.0,995.0,763.0,8.0
08:47:22,8.0,8.0,0.0,2916.0,22.045833587646484,5.0,995.0,727.0,8.0
08:47:24,7.0,7.0,0.0,2913.0,22.037500381469727,5.0,994.0,751.0,8.0
08:47:26,8.0,8.0,8696.0,2916.0,22.066667556762695,5.0,995.0,820.0,8.0
08:47:28,8.0,8.0,0.0,2926.0,22.058332443237305,5.0,994.0,754.0,8.0
08:47:30,8.0,8.0,0.0,2932.0,22.081249237060547,5.0,995.0,773.0,8.0
08:47:32,7.0,7.0,0.0,2917.0,22.079166412353516,5.0,995.0,755.0,8.0
08:47:34,7.0,7.0,0.0,2929.0,22.06458282470703,5.0,994.0,754.0,8.0
08:47:36,7.0,7.0,0.0,2905.0,22.089582443237305,5.0,994.0,755.0,8.0
08:47:38,7.0,7.0,0.0,2904.0,22.085416793823242,5.0,995.0,767.0,8.0
08:47:40,7.0,7.0,0.0,2950.0,22.06458282470703,5.0,994.0,743.0,8.0
08:47:42,7.0,7.0,9130.0,2975.0,22.07291603088379,5.0,994.0,821.0,8.0
08:47:44,7.0,7.0,12609.0,2983.0,22.09375,5.0,995.0,829.0,8.0
08:47:46,7.0,7.0,0.0,2962.0,22.100000381469727,5.0,995.0,758.0,8.0
08:47:48,8.0,8.0,12174.0,2962.0,22.09583282470703,5.0,994.0,828.0,8.0
08:47:50,8.0,8.0,10870.0,2975.0,22.100000381469727,5.0,995.0,825.0,8.0
08:47:52,8.0,8.0,1739.0,2999.0,22.068750381469727,5.0,995.0,804.0,8.0
08:47:54,8.0,8.0,1304.0,2996.0,22.097917556762695,5.0,995.0,803.0,8.0
08:47:56,8.0,8.0,0.0,2992.0,22.120832443237305,5.0,995.0,772.0,8.0
08:47:58,7.0,7.0,11739.0,2980.0,22.112499237060547,5.0,994.0,827.0,8.0
08:48:00,7.0,7.0,9565.0,2995.0,22.09166717529297,5.0,994.0,822.0,8.0
08:48:02,7.0,7.0,14783.0,2995.0,22.10416603088379,5.0,994.0,834.0,8.0
08:48:04,7.0,7.0,26087.0,2994.0,22.14583396911621,5.0,995.0,860.0,8.0
08:48:06,7.0,7.0,36522.0,2989.0,22.170833587646484,5.0,994.0,884.0,8.0
08:48:09,7.0,7.0,27391.0,2989.0,22.141666412353516,5.0,994.0,863.0,8.0
08:48:11,7.0,7.0,0.0,2846.0,22.15416717529297,5.0,994.0,729.0,8.0
08:48:13,7.0,7.0,0.0,2560.0,22.139583587646484,5.0,994.0,750.0,8.0
08:48:15,7.0,7.0,0.0,2387.0,22.112499237060547,5.0,994.0,755.0,8.0
08:48:17,7.0,7.0,0.0,2387.0,22.120832443237305,5.0,995.0,742.0,8.0
08:48:19,7.0,7.0,8261.0,2250.0,22.077083587646484,5.0,994.0,819.0,8.0
08:48:21,7.0,7.0,20435.0,1945.0,22.125,5.0,995.0,847.0,8.0
08:48:23,7.0,7.0,29130.0,1820.0,22.116666793823242,5.0,995.0,867.0,8.0
08:48:25,7.0,7.0,0.0,1820.0,22.106250762939453,5.0,995.0,733.0,8.0
08:48:27,7.0,7.0,0.0,1619.0,22.09583282470703,5.0,995.0,707.0,8.0
08:48:29,7.0,7.0,0.0,1517.0,22.068750381469727,5.0,995.0,713.0,8.0
08:48:31,7.0,7.0,0.0,1517.0,22.054166793823242,5.0,994.0,727.0,8.0
08:48:33,7.0,7.0,0.0,1332.0,22.070833206176758,5.0,995.0,800.0,8.0
08:48:35,7.0,7.0,0.0,1284.0,22.043750762939453,5.0,995.0,786.0,8.0
08:48:37,7.0,7.0,0.0,1284.0,22.043750762939453,5.0,994.0,776.0,8.0
08:48:39,8.0,8.0,0.0,1129.0,22.004167556762695,5.0,994.0,740.0,8.0
08:48:41,8.0,8.0,0.0,1064.0,22.056249618530273,5.0,994.0,738.0,8.0
08:48:43,7.0,7.0,0.0,1007.0,22.075000762939453,5.0,995.0,730.0,8.0
08:48:45,7.0,7.0,0.0,968.0,22.066667556762695,5.0,995.0,731.0,8.0
08:48:47,7.0,7.0,24783.0,910.0,21.991666793823242,5.0,994.0,857.0,8.0
08:48:49,7.0,7.0,30000.0,888.0,22.02083396911621,5.0,995.0,869.0,8.0
08:48:51,7.0,7.0,0.0,864.0,22.02083396911621,5.0,994.0,721.0,8.0
08:48:53,7.0,7.0,0.0,840.0,22.027082443237305,5.0,995.0,755.0,8.0
08:48:55,7.0,7.0,0.0,804.0,22.004167556762695,5.0,994.0,737.0,8.0
08:48:57,7.0,7.0,0.0,797.0,22.006250381469727,5.0,995.0,720.0,8.0
08:48:59,7.0,7.0,0.0,765.0,21.99791717529297,5.0,995.0,734.0,8.0
08:49:01,7.0,7.0,40870.0,740.0,22.022916793823242,5.0,994.0,894.0,8.0
08:49:03,7.0,7.0,38261.0,708.0,22.022916793823242,5.0,994.0,888.0,8.0
08:49:06,7.0,7.0,35652.0,680.0,22.016666412353516,5.0,994.0,882.0,8.0
08:49:08,7.0,7.0,0.0,654.0,22.006250381469727,5.0,994.0,720.0,8.0
08:49:10,7.0,7.0,0.0,637.0,21.987499237060547,5.0,994.0,731.0,8.0
08:49:12,7.0,7.0,5217.0,619.0,21.93958282470703,5.0,994.0,812.0,8.0
08:49:14,7.0,7.0,16957.0,654.0,21.950000762939453,5.0,994.0,839.0,8.0
08:49:16,7.0,7.0,0.0,628.0,21.972917556762695,5.0,995.0,764.0,8.0
08:49:18,7.0,7.0,0.0,632.0,21.972917556762695,5.0,994.0,736.0,8.0
08:49:20,7.0,7.0,0.0,615.0,21.96875,5.0,995.0,732.0,8.0
08:49:22,7.0,7.0,19130.0,602.0,21.983333587646484,5.0,995.0,844.0,8.0
08:49:24,7.0,7.0,33043.0,582.0,21.94791603088379,5.0,994.0,876.0,8.0
08:49:26,7.0,7.0,40000.0,580.0,21.933332443237305,5.0,994.0,892.0,8.0
08:49:28,7.0,7.0,37826.0,570.0,21.941667556762695,5.0,995.0,887.0,8.0
08:49:30,7.0,7.0,23478.0,565.0,21.92708396911621,5.0,994.0,854.0,8.0
08:49:32,7.0,7.0,12174.0,559.0,21.899999618530273,5.0,994.0,828.0,8.0
08:49:34,7.0,7.0,0.0,564.0,21.893749237060547,5.0,995.0,771.0,8.0
08:49:36,7.0,7.0,0.0,552.0,21.86458396911621,5.0,994.0,739.0,8.0
08:49:38,7.0,7.0,0.0,561.0,21.914583206176758,5.0,995.0,773.0,8.0
08:49:40,7.0,7.0,3043.0,567.0,21.89583396911621,5.0,995.0,807.0,8.0
08:49:42,7.0,7.0,0.0,546.0,21.893749237060547,5.0,995.0,788.0,8.0
08:49:44,7.0,7.0,0.0,551.0,21.912500381469727,5.0,995.0,722.0,8.0
08:49:46,7.0,7.0,0.0,553.0,21.912500381469727,5.0,994.0,716.0,8.0
08:49:48,7.0,7.0,0.0,554.0,21.954166412353516,5.0,995.0,724.0,8.0
08:49:50,7.0,7.0,0.0,554.0,21.941667556762695,5.0,994.0,726.0,8.0
08:49:52,7.0,7.0,39565.0,553.0,21.983333587646484,5.0,995.0,891.0,8.0
08:49:54,7.0,7.0,41739.0,553.0,21.99791717529297,5.0,995.0,896.0,8.0
08:49:56,7.0,7.0,33043.0,556.0,21.960416793823242,5.0,995.0,876.0,8.0
08:49:58,7.0,7.0,0.0,556.0,21.93541717529297,5.0,994.0,710.0,8.0
08:50:01,7.0,7.0,0.0,559.0,21.93541717529297,5.0,994.0,718.0,8.0
08:50:03,7.0,7.0,0.0,559.0,21.94791603088379,5.0,995.0,730.0,8.0
08:50:05,7.0,7.0,0.0,559.0,21.90833282470703,5.0,994.0,714.0,8.0
08:50:07,7.0,7.0,0.0,557.0,21.93958282470703,5.0,995.0,792.0,8.0
08:50:09,7.0,7.0,11304.0,557.0,21.952083587646484,5.0,995.0,826.0,8.0
08:50:11,7.0,7.0,0.0,557.0,21.945833206176758,5.0,995.0,783.0,8.0
08:50:13,7.0,7.0,0.0,555.0,21.941667556762695,5.0,994.0,760.0,8.0
08:50:15,7.0,7.0,0.0,681.0,21.9375,5.0,994.0,779.0,8.0
08:50:17,7.0,7.0,18696.0,808.0,21.993749618530273,5.0,995.0,843.0,8.0
08:50:19,7.0,7.0,26087.0,808.0,21.972917556762695,5.0,995.0,860.0,8.0
08:50:21,7.0,7.0,0.0,1129.0,21.985416412353516,5.0,995.0,769.0,8.0
08:50:23,7.0,7.0,0.0,1275.0,22.018749237060547,5.0,995.0,744.0,8.0
08:50:25,7.0,7.0,0.0,1415.0,22.03125,5.0,995.0,723.0,8.0
08:50:27,7.0,7.0,16087.0,1539.0,22.02083396911621,5.0,994.0,837.0,8.0
08:50:29,7.0,7.0,0.0,1665.0,22.03333282470703,5.0,994.0,757.0,8.0
08:50:31,7.0,7.0,0.0,1804.0,22.018749237060547,5.0,994.0,748.0,8.0
08:50:33,7.0,7.0,0.0,1973.0,21.972917556762695,5.0,994.0,758.0,8.0
08:50:35,7.0,7.0,0.0,2101.0,22.02916717529297,5.0,995.0,720.0,8.0
08:50:37,7.0,7.0,0.0,2222.0,22.022916793823242,5.0,995.0,704.0,8.0
08:50:39,7.0,7.0,0.0,2222.0,22.004167556762695,5.0,994.0,719.0,8.0
08:50:41,7.0,7.0,29565.0,2419.0,22.012500762939453,5.0,994.0,868.0,8.0
08:50:43,7.0,7.0,38261.0,2489.0,22.035417556762695,5.0,995.0,888.0,8.0
08:50:45,7.0,7.0,43913.0,2543.0,22.014583587646484,5.0,995.0,901.0,8.0
08:50:47,7.0,7.0,39565.0,2608.0,22.0,5.0,994.0,891.0,8.0
08:50:49,7.0,7.0,35652.0,2644.0,21.987499237060547,5.0,994.0,882.0,8.0
08:50:51,7.0,7.0,17826.0,2683.0,22.00208282470703,5.0,995.0,841.0,8.0
08:50:53,7.0,7.0,17826.0,2694.0,21.98958396911621,5.0,995.0,841.0,8.0
08:50:55,7.0,7.0,0.0,2700.0,22.0,5.0,995.0,733.0,8.0
08:50:57,7.0,7.0,0.0,2714.0,21.985416412353516,5.0,994.0,740.0,8.0
08:51:00,7.0,7.0,0.0,2721.0,22.04166603088379,5.0,995.0,757.0,8.0
08:51:02,7.0,7.0,0.0,2786.0,21.995832443237305,5.0,994.0,756.0,8.0
08:51:04,7.0,7.0,0.0,2797.0,22.016666412353516,5.0,995.0,778.0,8.0
08:51:06,7.0,7.0,3478.0,2808.0,21.995832443237305,5.0,995.0,808.0,8.0
08:51:08,7.0,7.0,6087.0,2863.0,21.98958396911621,5.0,994.0,814.0,8.0
08:51:10,7.0,7.0,0.0,2862.0,22.03333282470703,5.0,995.0,757.0,8.0
08:51:12,7.0,7.0,0.0,2831.0,22.018749237060547,5.0,995.0,754.0,8.0
08:51:14,7.0,7.0,0.0,2865.0,22.014583587646484,5.0,995.0,721.0,8.0
08:51:16,7.0,7.0,0.0,2892.0,22.04166603088379,5.0,995.0,737.0,8.0
08:51:18,7.0,7.0,0.0,2893.0,22.018749237060547,5.0,995.0,746.0,8.0
08:51:20,6.0,6.0,0.0,2903.0,21.97916603088379,5.0,994.0,747.0,8.0
08:51:22,6.0,6.0,0.0,2918.0,21.985416412353516,5.0,994.0,754.0,8.0
08:51:24,6.0,6.0,0.0,2930.0,22.024999618530273,5.0,994.0,742.0,8.0
08:51:26,7.0,7.0,0.0,2937.0,22.02083396911621,5.0,995.0,750.0,8.0
08:51:28,7.0,7.0,0.0,2944.0,21.99791717529297,5.0,994.0,749.0,8.0
08:51:30,7.0,7.0,0.0,2973.0,22.02916717529297,5.0,994.0,743.0,8.0
08:51:32,7.0,7.0,0.0,2965.0,22.049999237060547,5.0,995.0,746.0,8.0
08:51:34,7.0,7.0,0.0,2963.0,22.068750381469727,5.0,994.0,720.0,8.0
08:51:36,7.0,7.0,0.0,2978.0,22.058332443237305,5.0,994.0,734.0,8.0
08:51:38,7.0,7.0,0.0,2978.0,22.09375,5.0,994.0,729.0,8.0
08:51:40,7.0,7.0,0.0,2968.0,22.12291717529297,5.0,995.0,780.0,8.0
08:51:42,7.0,7.0,0.0,2968.0,22.09166717529297,5.0,995.0,741.0,8.0
08:51:44,7.0,7.0,0.0,2970.0,22.10416603088379,5.0,995.0,730.0,8.0
08:51:46,7.0,7.0,30435.0,2970.0,22.141666412353516,5.0,995.0,870.0,8.0
08:51:48,7.0,7.0,13913.0,2967.0,22.118749618530273,5.0,995.0,832.0,8.0
08:51:50,6.0,6.0,15217.0,2967.0,22.112499237060547,5.0,995.0,835.0,8.0
08:51:53,6.0,6.0,20435.0,2967.0,22.139583587646484,5.0,995.0,847.0,8.0
08:51:55,6.0,6.0,0.0,2961.0,22.15833282470703,5.0,995.0,785.0,8.0
08:51:57,6.0,6.0,0.0,2962.0,22.210416793823242,5.0,995.0,794.0,8.0
08:51:59,6.0,6.0,11739.0,2962.0,22.183332443237305,5.0,995.0,827.0,8.0
08:52:01,6.0,6.0,0.0,2962.0,22.15625,5.0,994.0,741.0,8.0
08:52:03,6.0,6.0,0.0,2955.0,22.14583396911621,5.0,994.0,756.0,8.0
08:52:05,6.0,6.0,0.0,2837.0,22.210416793823242,5.0,995.0,756.0,8.0
08:52:07,6.0,6.0,0.0,2837.0,22.168750762939453,5.0,995.0,768.0,8.0
08:52:09,6.0,6.0,0.0,2551.0,22.147916793823242,5.0,994.0,788.0,8.0
08:52:11,7.0,7.0,2174.0,2374.0,22.129167556762695,5.0,995.0,805.0,8.0
08:52:13,7.0,7.0,4348.0,2202.0,22.143749237060547,5.0,995.0,810.0,8.0
08:52:15,7.0,7.0,0.0,2088.0,22.087499618530273,5.0,995.0,724.0,8.0
08:52:17,7.0,7.0,0.0,1945.0,22.118749618530273,5.0,995.0,709.0,8.0
08:52:19,7.0,7.0,0.0,1848.0,22.089582443237305,5.0,995.0,717.0,8.0
08:52:21,7.0,7.0,0.0,1848.0,22.09166717529297,5.0,995.0,734.0,8.0
08:52:23,7.0,7.0,0.0,1644.0,22.079166412353516,5.0,995.0,714.0,8.0
08:52:25,7.0,7.0,0.0,1562.0,22.054166793823242,5.0,995.0,733.0,8.0
08:52:27,7.0,7.0,0.0,1562.0,22.068750381469727,5.0,995.0,741.0,8.0
08:52:29,7.0,7.0,0.0,1416.0,22.039583206176758,5.0,995.0,760.0,8.0
08:52:31,7.0,7.0,0.0,1344.0,22.09583282470703,5.0,995.0,786.0,8.0
08:52:33,7.0,7.0,45217.0,1259.0,22.100000381469727,5.0,995.0,904.0,8.0
08:52:35,7.0,7.0,38261.0,1206.0,22.10416603088379,5.0,995.0,888.0,8.0
08:52:37,7.0,7.0,55652.0,1129.0,22.133333206176758,5.0,995.0,928.0,8.0
08:52:39,7.0,7.0,52609.0,1062.0,22.15833282470703,5.0,995.0,921.0,8.0
08:52:41,7.0,7.0,57391.0,982.0,22.12291717529297,5.0,995.0,932.0,8.0
08:52:43,7.0,7.0,0.0,948.0,22.120832443237305,5.0,995.0,738.0,8.0
08:52:45,7.0,7.0,0.0,909.0,22.160417556762695,5.0,995.0,753.0,8.0
08:52:47,7.0,7.0,0.0,876.0,22.100000381469727,5.0,995.0,761.0,8.0
08:52:49,7.0,7.0,0.0,855.0,22.118749618530273,5.0,995.0,740.0,8.0
08:52:51,7.0,7.0,0.0,820.0,22.118749618530273,5.0,995.0,789.0,8.0
08:52:54,6.0,6.0,0.0,803.0,22.110416412353516,5.0,995.0,767.0,8.0
08:52:56,6.0,6.0,0.0,749.0,22.11458396911621,5.0,995.0,757.0,8.0
08:52:58,6.0,6.0,0.0,747.0,22.14583396911621,5.0,995.0,763.0,8.0
08:53:00,6.0,6.0,0.0,733.0,22.110416412353516,5.0,995.0,747.0,8.0
08:53:02,6.0,6.0,0.0,722.0,22.15833282470703,5.0,995.0,748.0,8.0
08:53:04,6.0,6.0,0.0,689.0,22.118749618530273,5.0,995.0,751.0,8.0
08:53:06,6.0,6.0,0.0,657.0,22.120832443237305,5.0,995.0,763.0,8.0
08:53:08,6.0,6.0,34783.0,635.0,22.108333587646484,5.0,995.0,880.0,8.0
08:53:10,6.0,6.0,8261.0,617.0,22.102083206176758,5.0,995.0,819.0,8.0
08:53:12,7.0,7.0,1739.0,605.0,22.070833206176758,5.0,995.0,804.0,8.0
08:53:14,7.0,7.0,8696.0,605.0,22.10416603088379,5.0,995.0,820.0,8.0
08:53:16,7.0,7.0,0.0,627.0,22.102083206176758,5.0,995.0,791.0,8.0
08:53:18,7.0,7.0,0.0,617.0,22.10416603088379,5.0,995.0,758.0,8.0
08:53:20,7.0,7.0,0.0,630.0,22.075000762939453,5.0,995.0,771.0,8.0
08:53:22,7.0,7.0,30435.0,641.0,22.056249618530273,5.0,995.0,870.0,8.0
08:53:24,7.0,7.0,57391.0,625.0,22.089582443237305,5.0,995.0,932.0,8.0
08:53:26,7.0,7.0,0.0,588.0,22.09166717529297,5.0,995.0,734.0,8.0
08:53:28,7.0,7.0,0.0,588.0,22.11458396911621,5.0,995.0,740.0,8.0
08:53:31,7.0,7.0,0.0,597.0,22.143749237060547,5.0,995.0,748.0,8.0
08:53:33,7.0,7.0,0.0,565.0,22.10416603088379,5.0,995.0,751.0,8.0
08:53:35,7.0,7.0,0.0,565.0,22.120832443237305,5.0,995.0,733.0,8.0
08:53:37,7.0,7.0,31739.0,566.0,22.09166717529297,5.0,995.0,873.0,8.0
08:53:39,7.0,7.0,14783.0,568.0,22.100000381469727,5.0,995.0,834.0,8.0
08:53:41,7.0,7.0,6957.0,548.0,22.087499618530273,5.0,995.0,816.0,8.0
08:53:43,7.0,7.0,7826.0,548.0,22.085416793823242,5.0,995.0,818.0,8.0
08:53:45,7.0,7.0,0.0,524.0,22.079166412353516,5.0,995.0,782.0,8.0
08:53:47,7.0,7.0,21739.0,531.0,22.08333396911621,5.0,995.0,850.0,8.0
08:53:49,7.0,7.0,0.0,527.0,22.087499618530273,5.0,995.0,800.0,8.0
08:53:51,7.0,7.0,0.0,527.0,22.08333396911621,5.0,995.0,759.0,8.0
08:53:53,7.0,7.0,0.0,530.0,22.04166603088379,5.0,995.0,748.0,8.0
08:53:55,7.0,7.0,0.0,523.0,22.022916793823242,5.0,995.0,749.0,8.0
08:53:57,7.0,7.0,0.0,523.0,22.02083396911621,5.0,995.0,771.0,8.0
08:53:59,7.0,7.0,0.0,525.0,22.039583206176758,5.0,995.0,732.0,8.0
08:54:01,8.0,8.0,0.0,538.0,22.047916412353516,5.0,995.0,733.0,8.0
08:54:03,8.0,8.0,0.0,528.0,22.054166793823242,5.0,995.0,740.0,8.0
08:54:05,8.0,8.0,50000.0,518.0,22.039583206176758,5.0,995.0,915.0,8.0
08:54:07,8.0,8.0,46957.0,512.0,22.018749237060547,5.0,995.0,908.0,8.0
08:54:09,8.0,8.0,24348.0,507.0,22.018749237060547,5.0,995.0,856.0,8.0
08:54:11,8.0,8.0,33913.0,539.0,22.03333282470703,5.0,995.0,878.0,8.0
08:54:13,8.0,8.0,3043.0,511.0,22.027082443237305,5.0,995.0,807.0,8.0
08:54:15,8.0,8.0,0.0,499.0,22.027082443237305,5.0,995.0,780.0,8.0
08:54:17,8.0,8.0,0.0,535.0,22.027082443237305,5.0,995.0,760.0,8.0
08:54:19,8.0,8.0,5652.0,506.0,22.058332443237305,5.0,995.0,813.0,8.0
08:54:21,8.0,8.0,24348.0,491.0,22.047916412353516,5.0,995.0,856.0,8.0
08:54:23,8.0,8.0,37826.0,497.0,22.039583206176758,5.0,995.0,887.0,8.0
08:54:25,8.0,8.0,26522.0,505.0,22.049999237060547,5.0,995.0,861.0,8.0
08:54:27,8.0,8.0,37826.0,490.0,22.027082443237305,5.0,995.0,887.0,8.0
08:54:30,8.0,8.0,51304.0,491.0,22.058332443237305,5.0,995.0,918.0,8.0
08:54:32,8.0,8.0,0.0,490.0,22.066667556762695,5.0,995.0,784.0,8.0
08:54:34,8.0,8.0,53913.0,494.0,22.087499618530273,5.0,995.0,924.0,8.0
08:54:36,8.0,8.0,46087.0,496.0,22.043750762939453,5.0,995.0,906.0,8.0
08:54:38,8.0,8.0,25652.0,500.0,22.066667556762695,5.0,995.0,859.0,8.0
08:54:40,8.0,8.0,38696.0,498.0,22.039583206176758,5.0,995.0,889.0,8.0
08:54:42,8.0,8.0,0.0,498.0,22.043750762939453,5.0,995.0,773.0,8.0
08:54:44,7.0,7.0,1739.0,498.0,22.016666412353516,5.0,995.0,804.0,8.0
08:54:46,8.0,8.0,0.0,502.0,22.039583206176758,5.0,995.0,769.0,8.0
08:54:48,8.0,8.0,0.0,502.0,22.022916793823242,5.0,995.0,757.0,8.0
08:54:50,8.0,8.0,0.0,502.0,22.039583206176758,5.0,995.0,753.0,8.0
08:54:52,8.0,8.0,43913.0,501.0,22.016666412353516,5.0,995.0,901.0,8.0
08:54:54,8.0,8.0,32609.0,500.0,22.016666412353516,5.0,995.0,875.0,8.0
08:54:56,8.0,8.0,44783.0,505.0,22.008333206176758,5.0,995.0,903.0,8.0
08:54:58,7.0,7.0,0.0,502.0,22.037500381469727,5.0,995.0,761.0,8.0
08:55:00,7.0,7.0,0.0,505.0,21.99791717529297,5.0,995.0,748.0,8.0
08:55:02,7.0,7.0,49565.0,505.0,22.004167556762695,5.0,995.0,914.0,8.0
08:55:04,7.0,7.0,53043.0,506.0,21.97916603088379,5.0,995.0,922.0,8.0
08:55:06,7.0,7.0,53913.0,508.0,22.02083396911621,5.0,995.0,924.0,8.0
08:55:08,7.0,7.0,55217.0,505.0,22.018749237060547,5.0,995.0,927.0,8.0
08:55:10,7.0,7.0,0.0,504.0,22.047916412353516,5.0,995.0,733.0,8.0
08:55:12,7.0,7.0,0.0,504.0,22.045833587646484,5.0,995.0,755.0,8.0
08:55:14,7.0,7.0,0.0,504.0,22.066667556762695,5.0,995.0,751.0,8.0
08:55:16,7.0,7.0,52609.0,504.0,22.066667556762695,5.0,995.0,921.0,8.0
08:55:18,7.0,7.0,53043.0,504.0,22.027082443237305,5.0,995.0,922.0,8.0
08:55:20,7.0,7.0,52174.0,501.0,22.004167556762695,5.0,995.0,920.0,8.0
08:55:22,8.0,8.0,51304.0,501.0,22.02083396911621,5.0,995.0,918.0,8.0
08:55:24,8.0,8.0,45652.0,502.0,21.99791717529297,5.0,995.0,905.0,8.0
08:55:26,7.0,7.0,54348.0,502.0,21.960416793823242,5.0,995.0,925.0,8.0
08:55:29,7.0,7.0,46957.0,502.0,21.985416412353516,5.0,995.0,908.0,8.0
08:55:31,7.0,7.0,0.0,502.0,21.97916603088379,5.0,995.0,744.0,8.0
08:55:33,7.0,7.0,0.0,501.0,21.96875,5.0,995.0,744.0,8.0
08:55:35,7.0,7.0,0.0,502.0,21.983333587646484,5.0,995.0,763.0,8.0
08:55:37,7.0,7.0,0.0,502.0,21.977083206176758,5.0,995.0,742.0,8.0
08:55:39,7.0,7.0,17826.0,502.0,21.92708396911621,5.0,995.0,841.0,8.0
08:55:41,7.0,7.0,870.0,500.0,21.924999237060547,5.0,995.0,802.0,8.0
08:55:43,7.0,7.0,0.0,500.0,21.956249237060547,5.0,995.0,784.0,8.0
08:55:45,7.0,7.0,4783.0,500.0,21.960416793823242,5.0,995.0,811.0,8.0
08:55:47,7.0,7.0,16087.0,500.0,21.96875,5.0,995.0,837.0,8.0
08:55:49,7.0,7.0,24783.0,500.0,21.985416412353516,5.0,995.0,857.0,8.0
08:55:51,7.0,7.0,41304.0,500.0,21.964582443237305,5.0,995.0,895.0,8.0
08:55:53,7.0,7.0,44348.0,502.0,21.972917556762695,5.0,995.0,902.0,8.0
08:55:55,7.0,7.0,51304.0,499.0,21.98958396911621,5.0,995.0,918.0,8.0
08:55:57,7.0,7.0,0.0,498.0,22.0,5.0,995.0,756.0,8.0
08:55:59,7.0,7.0,0.0,498.0,21.945833206176758,5.0,995.0,752.0,8.0
08:56:01,7.0,7.0,0.0,499.0,21.94791603088379,5.0,995.0,750.0,8.0
08:56:03,7.0,7.0,0.0,498.0,21.954166412353516,5.0,995.0,742.0,8.0
08:56:05,7.0,7.0,0.0,498.0,21.96666717529297,5.0,995.0,749.0,8.0
08:56:07,7.0,7.0,51304.0,501.0,21.950000762939453,5.0,995.0,918.0,8.0
08:56:09,6.0,6.0,50000.0,502.0,21.950000762939453,5.0,995.0,915.0,8.0
08:56:11,6.0,6.0,56522.0,501.0,21.94791603088379,5.0,995.0,930.0,8.0
08:56:13,6.0,6.0,51739.0,617.0,21.983333587646484,5.0,995.0,919.0,8.0
08:56:15,6.0,6.0,56087.0,762.0,21.985416412353516,5.0,995.0,929.0,8.0
08:56:17,6.0,6.0,21304.0,880.0,21.96875,5.0,995.0,849.0,8.0
08:56:19,6.0,6.0,16087.0,1063.0,22.012500762939453,5.0,995.0,837.0,8.0
08:56:21,6.0,6.0,10435.0,1211.0,21.985416412353516,5.0,995.0,824.0,8.0
08:56:23,6.0,6.0,16087.0,1381.0,21.975000381469727,5.0,994.0,837.0,8.0
08:56:25,6.0,6.0,16522.0,1475.0,22.014583587646484,5.0,995.0,838.0,8.0
08:56:28,6.0,6.0,20870.0,1609.0,22.006250381469727,5.0,995.0,848.0,8.0
08:56:30,6.0,6.0,16087.0,1753.0,22.016666412353516,5.0,994.0,837.0,8.0
08:56:32,6.0,6.0,26957.0,1866.0,22.056249618530273,5.0,995.0,862.0,8.0
08:56:34,6.0,6.0,17826.0,1956.0,22.066667556762695,5.0,995.0,841.0,8.0
08:56:36,7.0,7.0,57391.0,2023.0,22.04166603088379,5.0,995.0,932.0,8.0
08:56:38,7.0,7.0,36087.0,2139.0,22.068750381469727,5.0,995.0,883.0,8.0
08:56:40,7.0,7.0,37826.0,2235.0,22.0625,5.0,995.0,887.0,8.0
08:56:42,7.0,7.0,38261.0,2285.0,22.056249618530273,5.0,995.0,888.0,8.0
08:56:44,7.0,7.0,32609.0,2324.0,22.09375,5.0,995.0,875.0,8.0
08:56:46,7.0,7.0,30000.0,2408.0,22.102083206176758,5.0,995.0,869.0,8.0
08:56:48,7.0,7.0,34348.0,2525.0,22.077083587646484,5.0,995.0,879.0,8.0
08:56:50,7.0,7.0,55217.0,2578.0,22.07291603088379,5.0,995.0,927.0,8.0
08:56:52,7.0,7.0,52174.0,2608.0,22.075000762939453,5.0,995.0,920.0,8.0
08:56:54,7.0,7.0,5768.0,2634.0,22.047916412353516,5.0,995.0,964.0,8.0
08:56:56,7.0,7.0,59130.0,2658.0,22.09583282470703,5.0,995.0,936.0,8.0
08:56:58,7.0,7.0,14783.0,2675.0,22.09375,5.0,995.0,834.0,8.0
08:57:00,7.0,7.0,22174.0,2732.0,22.11458396911621,5.0,995.0,851.0,8.0
08:57:02,7.0,7.0,16087.0,2786.0,22.10416603088379,5.0,995.0,837.0,8.0
08:57:04,7.0,7.0,53043.0,2786.0,22.11458396911621,5.0,995.0,922.0,8.0
08:57:06,7.0,7.0,42174.0,2842.0,22.100000381469727,5.0,995.0,897.0,8.0
08:57:08,7.0,7.0,35217.0,2886.0,22.133333206176758,5.0,995.0,881.0,8.0
08:57:10,7.0,7.0,26522.0,2886.0,22.085416793823242,5.0,994.0,861.0,8.0
08:57:12,7.0,7.0,47826.0,2887.0,22.139583587646484,5.0,995.0,910.0,8.0
08:57:14,7.0,7.0,4029.0,2905.0,22.152082443237305,5.0,995.0,960.0,8.0
08:57:16,7.0,7.0,57826.0,2879.0,22.162500381469727,5.0,995.0,933.0,8.0
08:57:18,7.0,7.0,17826.0,2879.0,22.17708396911621,5.0,995.0,841.0,8.0
08:57:20,7.0,7.0,26087.0,2865.0,22.164583206176758,5.0,995.0,860.0,8.0
08:57:22,7.0,7.0,32609.0,2911.0,22.162500381469727,5.0,995.0,875.0,8.0
08:57:24,7.0,7.0,39565.0,2911.0,22.179166793823242,5.0,995.0,891.0,8.0
08:57:27,7.0,7.0,53043.0,2910.0,22.195833206176758,5.0,995.0,922.0,8.0
08:57:29,7.0,7.0,36522.0,2911.0,22.141666412353516,5.0,995.0,884.0,8.0
08:57:31,7.0,7.0,33478.0,2915.0,22.147916793823242,5.0,995.0,877.0,8.0
08:57:33,7.0,7.0,29565.0,2915.0,22.149999618530273,5.0,995.0,868.0,8.0
08:57:35,7.0,7.0,29565.0,2922.0,22.141666412353516,5.0,995.0,868.0,8.0
08:57:37,7.0,7.0,25652.0,2925.0,22.143749237060547,5.0,995.0,859.0,8.0
08:57:39,7.0,7.0,28261.0,2925.0,22.147916793823242,5.0,995.0,865.0,8.0
08:57:41,7.0,7.0,27391.0,2931.0,22.108333587646484,5.0,995.0,863.0,8.0
08:57:43,7.0,7.0,1421.0,2937.0,22.09166717529297,5.0,995.0,954.0,8.0
08:57:45,7.0,7.0,56522.0,2940.0,22.143749237060547,5.0,995.0,930.0,8.0
08:57:47,7.0,7.0,23478.0,2948.0,22.137500762939453,5.0,995.0,854.0,8.0
08:57:49,7.0,7.0,20435.0,2949.0,22.160417556762695,5.0,995.0,847.0,8.0
08:57:51,7.0,7.0,32174.0,2952.0,22.15416717529297,5.0,995.0,874.0,8.0
08:57:53,7.0,7.0,32609.0,2952.0,22.164583206176758,5.0,995.0,875.0,8.0
08:57:55,7.0,7.0,38261.0,2953.0,22.179166793823242,5.0,995.0,888.0,8.0
08:57:57,7.0,7.0,52174.0,2957.0,22.179166793823242,5.0,995.0,920.0,8.0
08:57:59,7.0,7.0,64348.0,2957.0,22.174999237060547,5.0,995.0,948.0,8.0
08:58:01,7.0,7.0,30435.0,2961.0,22.200000762939453,5.0,995.0,870.0,8.0
08:58:03,7.0,7.0,26522.0,2963.0,22.214582443237305,5.0,995.0,861.0,8.0
08:58:05,7.0,7.0,22609.0,2964.0,22.200000762939453,5.0,995.0,852.0,8.0
08:58:07,7.0,7.0,25217.0,2968.0,22.21875,5.0,995.0,858.0,8.0
08:58:09,7.0,7.0,36522.0,2961.0,22.18958282470703,5.0,995.0,884.0,8.0
08:58:11,7.0,7.0,10000.0,2852.0,22.200000762939453,5.0,995.0,823.0,8.0
08:58:13,8.0,8.0,0.0,2695.0,22.168750762939453,5.0,995.0,800.0,8.0
08:58:15,8.0,8.0,0.0,2570.0,22.174999237060547,5.0,995.0,764.0,8.0
08:58:17,8.0,8.0,870.0,2431.0,22.18541717529297,5.0,995.0,802.0,8.0
08:58:19,8.0,8.0,36522.0,2267.0,22.200000762939453,5.0,995.0,884.0,8.0
08:58:22,7.0,7.0,27391.0,2109.0,22.183332443237305,5.0,995.0,863.0,8.0
08:58:24,7.0,7.0,0.0,2026.0,22.164583206176758,5.0,995.0,751.0,8.0
08:58:26,7.0,7.0,0.0,1864.0,22.152082443237305,5.0,995.0,749.0,8.0
08:58:28,7.0,7.0,0.0,1741.0,22.210416793823242,5.0,995.0,748.0,8.0
08:58:30,8.0,8.0,0.0,1622.0,22.15416717529297,5.0,995.0,751.0,8.0
08:58:32,8.0,8.0,0.0,1524.0,22.193750381469727,5.0,995.0,732.0,8.0
08:58:34,8.0,8.0,0.0,1447.0,22.17708396911621,5.0,995.0,758.0,8.0
08:58:36,8.0,8.0,0.0,1336.0,22.181249618530273,5.0,995.0,750.0,8.0
08:58:38,8.0,8.0,15217.0,1266.0,22.131250381469727,5.0,994.0,835.0,8.0
08:58:40,8.0,8.0,4348.0,1192.0,22.15833282470703,5.0,995.0,810.0,8.0
08:58:42,8.0,8.0,0.0,1111.0,22.16666603088379,5.0,995.0,800.0,8.0
08:58:44,8.0,8.0,13478.0,1049.0,22.1875,5.0,995.0,831.0,8.0
08:58:46,8.0,8.0,0.0,1008.0,22.143749237060547,5.0,995.0,779.0,8.0
08:58:48,8.0,8.0,0.0,955.0,22.108333587646484,5.0,995.0,770.0,8.0
08:58:50,8.0,8.0,0.0,935.0,22.068750381469727,5.0,995.0,800.0,8.0
08:58:52,8.0,8.0,6957.0,886.0,22.110416412353516,5.0,995.0,816.0,8.0
08:58:54,8.0,8.0,22174.0,866.0,22.070833206176758,5.0,995.0,851.0,8.0
08:58:56,8.0,8.0,37391.0,819.0,22.097917556762695,5.0,995.0,886.0,8.0
08:58:58,8.0,8.0,5652.0,788.0,22.102083206176758,5.0,995.0,813.0,8.0
08:59:00,8.0,8.0,0.0,775.0,22.070833206176758,5.0,995.0,776.0,8.0
08:59:02,7.0,7.0,0.0,740.0,22.09375,5.0,995.0,786.0,8.0
08:59:04,7.0,7.0,2174.0,721.0,22.079166412353516,5.0,995.0,805.0,8.0
08:59:06,7.0,7.0,0.0,721.0,22.08333396911621,5.0,995.0,790.0,8.0
08:59:08,7.0,7.0,2174.0,703.0,22.0625,5.0,995.0,805.0,8.0
08:59:10,7.0,7.0,13913.0,669.0,22.100000381469727,5.0,995.0,832.0,8.0
08:59:12,7.0,7.0,23478.0,669.0,22.054166793823242,5.0,994.0,854.0,8.0
08:59:14,7.0,7.0,9565.0,632.0,22.049999237060547,5.0,994.0,822.0,8.0
08:59:16,8.0,8.0,19130.0,622.0,22.070833206176758,5.0,995.0,844.0,8.0
08:59:18,8.0,8.0,34348.0,612.0,22.047916412353516,5.0,994.0,879.0,8.0
08:59:21,8.0,8.0,0.0,612.0,22.09583282470703,5.0,995.0,778.0,8.0
08:59:23,8.0,8.0,0.0,612.0,22.09583282470703,5.0,995.0,748.0,8.0
08:59:25,7.0,7.0,0.0,598.0,22.087499618530273,5.0,995.0,757.0,8.0
08:59:27,7.0,7.0,0.0,598.0,22.066667556762695,5.0,995.0,762.0,8.0
08:59:29,8.0,8.0,43478.0,606.0,22.106250762939453,5.0,995.0,900.0,8.0
08:59:31,8.0,8.0,37826.0,574.0,22.116666793823242,5.0,995.0,887.0,8.0
08:59:33,8.0,8.0,49130.0,566.0,22.058332443237305,5.0,994.0,913.0,8.0
08:59:35,8.0,8.0,0.0,566.0,22.070833206176758,5.0,995.0,774.0,8.0
08:59:37,8.0,8.0,0.0,558.0,22.079166412353516,5.0,995.0,756.0,8.0
08:59:39,8.0,8.0,0.0,542.0,22.08333396911621,5.0,995.0,762.0,8.0
08:59:41,8.0,8.0,0.0,542.0,22.110416412353516,5.0,995.0,769.0,8.0
08:59:43,8.0,8.0,32174.0,508.0,22.07291603088379,5.0,995.0,874.0,8.0
08:59:45,8.0,8.0,36087.0,506.0,22.09583282470703,5.0,995.0,883.0,8.0
08:59:47,8.0,8.0,45217.0,520.0,22.116666793823242,5.0,995.0,904.0,8.0
08:59:49,8.0,8.0,0.0,517.0,22.112499237060547,5.0,995.0,768.0,8.0
08:59:51,7.0,7.0,0.0,502.0,22.120832443237305,5.0,995.0,759.0,8.0
08:59:53,7.0,7.0,0.0,539.0,22.116666793823242,5.0,994.0,768.0,8.0
08:59:55,7.0,7.0,0.0,536.0,22.118749618530273,5.0,995.0,753.0,8.0
08:59:57,7.0,7.0,23913.0,533.0,22.143749237060547,5.0,995.0,855.0,8.0
08:59:59,7.0,7.0,19130.0,534.0,22.125,5.0,995.0,844.0,8.0
09:00:01,7.0,7.0,6522.0,523.0,22.116666793823242,5.0,995.0,815.0,8.0
09:00:03,7.0,7.0,0.0,514.0,22.112499237060547,5.0,995.0,761.0,8.0
09:00:05,7.0,7.0,870.0,512.0,22.09375,5.0,995.0,802.0,8.0
09:00:07,7.0,7.0,12174.0,520.0,22.12708282470703,5.0,995.0,828.0,8.0
09:00:09,7.0,7.0,4348.0,531.0,22.118749618530273,5.0,995.0,810.0,8.0
09:00:11,7.0,7.0,0.0,530.0,22.125,5.0,995.0,777.0,8.0
09:00:13,7.0,7.0,50000.0,566.0,22.129167556762695,5.0,995.0,915.0,8.0
09:00:15,7.0,7.0,60000.0,567.0,22.10416603088379,5.0,995.0,938.0,8.0
09:00:18,7.0,7.0,51304.0,571.0,22.116666793823242,5.0,995.0,918.0,8.0
09:00:20,7.0,7.0,55217.0,568.0,22.12708282470703,5.0,995.0,927.0,8.0
09:00:22,7.0,7.0,36522.0,567.0,22.139583587646484,5.0,995.0,884.0,8.0
09:00:24,7.0,7.0,49130.0,565.0,22.139583587646484,5.0,995.0,913.0,8.0
09:00:26,7.0,7.0,0.0,562.0,22.116666793823242,5.0,995.0,757.0,8.0
09:00:28,7.0,7.0,0.0,557.0,22.118749618530273,5.0,995.0,762.0,8.0
09:00:30,7.0,7.0,10435.0,557.0,22.102083206176758,5.0,995.0,824.0,8.0
09:00:32,7.0,7.0,870.0,554.0,22.08333396911621,5.0,995.0,802.0,8.0
09:00:34,7.0,7.0,0.0,554.0,22.147916793823242,5.0,995.0,771.0,8.0
09:00:36,7.0,7.0,0.0,553.0,22.106250762939453,5.0,995.0,765.0,8.0
09:00:38,7.0,7.0,0.0,553.0,22.149999618530273,5.0,995.0,758.0,8.0
09:00:40,6.0,6.0,53478.0,556.0,22.162500381469727,5.0,995.0,923.0,8.0
09:00:42,6.0,6.0,49130.0,554.0,22.15833282470703,5.0,995.0,913.0,8.0
09:00:44,6.0,6.0,38261.0,553.0,22.19791603088379,5.0,995.0,888.0,8.0
09:00:46,6.0,6.0,54348.0,552.0,22.206249237060547,5.0,995.0,925.0,8.0
09:00:48,6.0,6.0,28261.0,550.0,22.200000762939453,5.0,995.0,865.0,8.0
09:00:50,6.0,6.0,13478.0,551.0,22.233333587646484,5.0,995.0,831.0,8.0
09:00:52,7.0,7.0,18261.0,551.0,22.222917556762695,5.0,995.0,842.0,8.0
09:00:54,7.0,7.0,0.0,552.0,22.254167556762695,5.0,995.0,797.0,8.0
09:00:56,7.0,7.0,21739.0,551.0,22.225000381469727,5.0,995.0,850.0,8.0
09:00:58,7.0,7.0,4783.0,555.0,22.212499618530273,5.0,995.0,811.0,8.0
09:01:00,7.0,7.0,3043.0,555.0,22.202083587646484,5.0,995.0,807.0,8.0
09:01:02,7.0,7.0,0.0,556.0,22.191667556762695,5.0,995.0,753.0,8.0
09:01:04,7.0,7.0,0.0,558.0,22.204166412353516,5.0,995.0,768.0,8.0
09:01:06,7.0,7.0,0.0,556.0,22.179166793823242,5.0,995.0,769.0,8.0
09:01:08,7.0,7.0,43478.0,557.0,22.181249618530273,5.0,995.0,900.0,8.0
09:01:10,7.0,7.0,5334.0,555.0,22.206249237060547,5.0,995.0,963.0,8.0
09:01:12,7.0,7.0,59130.0,557.0,22.16666603088379,5.0,995.0,936.0,8.0
09:01:14,7.0,7.0,49130.0,557.0,22.179166793823242,5.0,995.0,913.0,8.0
09:01:17,7.0,7.0,19130.0,559.0,22.21875,5.0,995.0,844.0,8.0
09:01:19,7.0,7.0,8261.0,556.0,22.16666603088379,5.0,995.0,819.0,8.0
09:01:21,7.0,7.0,8261.0,556.0,22.168750762939453,5.0,995.0,819.0,8.0
09:01:23,7.0,7.0,23043.0,558.0,22.170833587646484,5.0,995.0,853.0,8.0
09:01:25,7.0,7.0,33913.0,559.0,22.15416717529297,5.0,995.0,878.0,8.0
09:01:27,7.0,7.0,51739.0,559.0,22.125,5.0,995.0,919.0,8.0
09:01:29,7.0,7.0,54348.0,559.0,22.13541603088379,5.0,995.0,925.0,8.0
09:01:31,7.0,7.0,59130.0,557.0,22.160417556762695,5.0,995.0,936.0,8.0
09:01:33,7.0,7.0,38696.0,561.0,22.147916793823242,5.0,995.0,889.0,8.0
09:01:35,7.0,7.0,21739.0,698.0,22.15416717529297,5.0,995.0,850.0,8.0
09:01:37,7.0,7.0,0.0,832.0,22.172916412353516,5.0,995.0,793.0,8.0
09:01:39,8.0,8.0,5217.0,962.0,22.193750381469727,5.0,995.0,812.0,8.0
09:01:41,8.0,8.0,7391.0,1108.0,22.19791603088379,5.0,995.0,817.0,8.0
09:01:43,8.0,8.0,13043.0,1108.0,22.204166412353516,5.0,995.0,830.0,8.0
09:01:45,8.0,8.0,5217.0,1402.0,22.231250762939453,5.0,995.0,812.0,8.0
09:01:47,8.0,8.0,3043.0,1566.0,22.204166412353516,5.0,995.0,807.0,8.0
09:01:49,8.0,8.0,5217.0,1720.0,22.225000381469727,5.0,995.0,812.0,8.0
09:01:51,8.0,8.0,0.0,1826.0,22.202083587646484,5.0,995.0,793.0,8.0
09:01:53,7.0,7.0,8696.0,1910.0,22.225000381469727,5.0,995.0,820.0,8.0
09:01:55,7.0,7.0,6087.0,2032.0,22.225000381469727,5.0,995.0,814.0,8.0
09:01:57,7.0,7.0,870.0,2121.0,22.225000381469727,5.0,995.0,802.0,8.0
09:01:59,7.0,7.0,11304.0,2224.0,22.22083282470703,5.0,995.0,826.0,8.0
09:02:01,7.0,7.0,0.0,2285.0,22.22083282470703,5.0,995.0,790.0,8.0
09:02:03,8.0,8.0,6957.0,2364.0,22.21666717529297,5.0,995.0,816.0,8.0
09:02:05,8.0,8.0,0.0,2436.0,22.262500762939453,5.0,995.0,800.0,8.0
09:02:07,8.0,8.0,2609.0,2507.0,22.24791717529297,5.0,995.0,806.0,8.0
09:02:10,8.0,8.0,0.0,2536.0,22.28125,5.0,995.0,799.0,8.0
09:02:12,8.0,8.0,1739.0,2605.0,22.24791717529297,5.0,995.0,804.0,8.0
09:02:14,8.0,8.0,28261.0,2681.0,22.27916717529297,5.0,995.0,865.0,8.0
09:02:16,8.0,8.0,20435.0,2710.0,22.264583587646484,5.0,995.0,847.0,8.0
09:02:18,7.0,7.0,10000.0,2716.0,22.274999618530273,5.0,995.0,823.0,8.0
09:02:20,8.0,8.0,14348.0,2800.0,22.262500762939453,5.0,995.0,833.0,8.0
09:02:22,8.0,8.0,49130.0,2815.0,22.256250381469727,5.0,995.0,913.0,8.0
09:02:24,8.0,8.0,45652.0,2806.0,22.245832443237305,5.0,995.0,905.0,8.0
09:02:26,8.0,8.0,37391.0,2794.0,22.274999618530273,5.0,995.0,886.0,8.0
09:02:28,8.0,8.0,27391.0,2869.0,22.264583587646484,5.0,995.0,863.0,8.0
09:02:30,8.0,8.0,12174.0,2840.0,22.256250381469727,5.0,995.0,828.0,8.0
09:02:32,8.0,8.0,18261.0,2837.0,22.268749237060547,5.0,995.0,842.0,8.0
09:02:34,8.0,8.0,17391.0,2907.0,22.25208282470703,5.0,995.0,840.0,8.0
09:02:36,8.0,8.0,50000.0,2904.0,22.245832443237305,5.0,995.0,915.0,8.0
09:02:38,7.0,7.0,34783.0,2905.0,22.210416793823242,5.0,994.0,880.0,8.0
09:02:40,7.0,7.0,20000.0,2913.0,22.26041603088379,5.0,995.0,846.0,8.0
09:02:42,7.0,7.0,29565.0,2915.0,22.256250381469727,5.0,995.0,868.0,8.0
09:02:44,7.0,7.0,13913.0,2913.0,22.256250381469727,5.0,995.0,832.0,8.0
09:02:46,7.0,7.0,17391.0,2912.0,22.241666793823242,5.0,995.0,840.0,8.0
09:02:48,7.0,7.0,8696.0,2916.0,22.262500762939453,5.0,995.0,820.0,8.0
09:02:50,7.0,7.0,42609.0,2916.0,22.25,5.0,995.0,898.0,8.0
09:02:52,7.0,7.0,20870.0,2916.0,22.26041603088379,5.0,995.0,848.0,8.0
09:02:54,7.0,7.0,16957.0,2924.0,22.24791717529297,5.0,995.0,839.0,8.0
09:02:56,7.0,7.0,18696.0,2924.0,22.266666412353516,5.0,995.0,843.0,8.0
09:02:58,7.0,7.0,986.0,2929.0,22.256250381469727,5.0,995.0,953.0,8.0
09:03:00,7.0,7.0,50000.0,2931.0,22.320833206176758,5.0,995.0,915.0,8.0
09:03:02,7.0,7.0,50870.0,2929.0,22.277082443237305,5.0,995.0,917.0,8.0
09:03:05,7.0,7.0,15652.0,2929.0,22.272916793823242,5.0,995.0,836.0,8.0
09:03:07,8.0,8.0,12609.0,2928.0,22.29166603088379,5.0,995.0,829.0,8.0
09:03:09,8.0,8.0,18696.0,2928.0,22.241666793823242,5.0,994.0,843.0,8.0
09:03:11,8.0,8.0,23478.0,2928.0,22.272916793823242,5.0,995.0,854.0,8.0
09:03:13,8.0,8.0,15652.0,2935.0,22.258333206176758,5.0,994.0,836.0,8.0
09:03:15,8.0,8.0,7391.0,2941.0,22.25208282470703,5.0,995.0,817.0,8.0
09:03:17,8.0,8.0,13478.0,2944.0,22.262500762939453,5.0,995.0,831.0,8.0
09:03:19,8.0,8.0,16957.0,2944.0,22.262500762939453,5.0,995.0,839.0,8.0
09:03:21,8.0,8.0,14783.0,2953.0,22.245832443237305,5.0,995.0,834.0,8.0
09:03:23,7.0,7.0,6522.0,2954.0,22.268749237060547,5.0,995.0,815.0,8.0
09:03:25,7.0,7.0,12174.0,2954.0,22.266666412353516,5.0,995.0,828.0,8.0
09:03:27,7.0,7.0,26957.0,2954.0,22.25208282470703,5.0,995.0,862.0,8.0
09:03:29,7.0,7.0,45217.0,2953.0,22.266666412353516,5.0,995.0,904.0,8.0
09:03:31,7.0,7.0,54783.0,2958.0,22.27916717529297,5.0,995.0,926.0,8.0
09:03:33,7.0,7.0,51739.0,2960.0,22.289583206176758,5.0,995.0,919.0,8.0
09:03:35,7.0,7.0,3043.0,2966.0,22.27083396911621,5.0,995.0,807.0,8.0
09:03:37,7.0,7.0,3913.0,2969.0,22.25208282470703,5.0,995.0,809.0,8.0
09:03:39,7.0,7.0,9565.0,2971.0,22.285417556762695,5.0,995.0,822.0,8.0
09:03:41,7.0,7.0,51304.0,2973.0,22.277082443237305,5.0,995.0,918.0,8.0
09:03:43,7.0,7.0,49565.0,2972.0,22.274999618530273,5.0,995.0,914.0,8.0
09:03:45,7.0,7.0,19130.0,2974.0,22.27916717529297,5.0,995.0,844.0,8.0
09:03:47,7.0,7.0,30435.0,2976.0,22.272916793823242,5.0,995.0,870.0,8.0
09:03:49,7.0,7.0,33478.0,2975.0,22.285417556762695,5.0,995.0,877.0,8.0
09:03:51,7.0,7.0,44348.0,2975.0,22.22083282470703,5.0,995.0,902.0,8.0
09:03:53,7.0,7.0,52609.0,2973.0,22.274999618530273,5.0,995.0,921.0,8.0
09:03:56,7.0,7.0,51739.0,2977.0,22.27083396911621,5.0,995.0,919.0,8.0
09:03:58,8.0,8.0,17391.0,2978.0,22.254167556762695,5.0,995.0,840.0,8.0
09:04:00,8.0,8.0,23913.0,2976.0,22.27916717529297,5.0,995.0,855.0,8.0
09:04:02,8.0,8.0,25652.0,2974.0,22.272916793823242,5.0,995.0,859.0,8.0
09:04:04,8.0,8.0,0.0,2977.0,22.285417556762695,5.0,995.0,784.0,8.0
09:04:06,8.0,8.0,8696.0,2980.0,22.287500381469727,5.0,995.0,820.0,8.0
09:04:08,8.0,8.0,25652.0,2983.0,22.27916717529297,5.0,995.0,859.0,8.0
09:04:10,8.0,8.0,51304.0,2978.0,22.299999237060547,5.0,995.0,918.0,8.0
09:04:12,8.0,8.0,34783.0,2799.0,22.304166793823242,5.0,995.0,880.0,8.0
09:04:14,8.0,8.0,22174.0,2650.0,22.262500762939453,5.0,995.0,851.0,8.0
09:04:16,8.0,8.0,11304.0,2488.0,22.28125,5.0,995.0,826.0,8.0
09:04:18,8.0,8.0,0.0,2388.0,22.262500762939453,5.0,995.0,759.0,8.0
09:04:20,8.0,8.0,11739.0,2256.0,22.24791717529297,5.0,995.0,827.0,8.0
09:04:22,8.0,8.0,34348.0,2058.0,22.268749237060547,5.0,995.0,879.0,8.0
09:04:24,8.0,8.0,0.0,1888.0,22.29166603088379,5.0,995.0,755.0,8.0
09:04:26,8.0,8.0,33478.0,1733.0,22.254167556762695,5.0,995.0,877.0,8.0
09:04:28,8.0,8.0,61739.0,1656.0,22.289583206176758,5.0,995.0,942.0,8.0
09:04:30,8.0,8.0,60435.0,1524.0,22.22916603088379,5.0,995.0,939.0,8.0
09:04:32,8.0,8.0,50435.0,1524.0,22.274999618530273,5.0,995.0,916.0,8.0
09:04:34,8.0,8.0,55652.0,1400.0,22.233333587646484,5.0,995.0,928.0,8.0
09:04:36,8.0,8.0,54783.0,1301.0,22.200000762939453,5.0,995.0,926.0,8.0
09:04:38,8.0,8.0,63043.0,1301.0,22.22083282470703,5.0,995.0,945.0,8.0
09:04:40,8.0,8.0,0.0,1208.0,22.22916603088379,5.0,995.0,751.0,8.0
09:04:42,8.0,8.0,0.0,1156.0,22.22083282470703,5.0,995.0,772.0,8.0
09:04:44,8.0,8.0,23913.0,1021.0,22.18541717529297,5.0,995.0,855.0,8.0
09:04:46,7.0,7.0,36957.0,1021.0,22.21666717529297,5.0,995.0,885.0,8.0
09:04:48,7.0,7.0,12174.0,979.0,22.21666717529297,5.0,995.0,828.0,8.0
09:04:51,7.0,7.0,3913.0,889.0,22.233333587646484,5.0,995.0,809.0,8.0
09:04:53,7.0,7.0,20870.0,889.0,22.212499618530273,5.0,995.0,848.0,8.0
09:04:55,7.0,7.0,18261.0,875.0,22.26041603088379,5.0,995.0,842.0,8.0
09:04:57,7.0,7.0,33913.0,821.0,22.289583206176758,5.0,995.0,878.0,8.0
09:04:59,7.0,7.0,51739.0,761.0,22.274999618530273,5.0,995.0,919.0,8.0
09:05:01,7.0,7.0,58696.0,761.0,22.272916793823242,5.0,995.0,935.0,8.0
09:05:03,7.0,7.0,57391.0,721.0,22.28125,5.0,995.0,932.0,8.0
09:05:05,7.0,7.0,46087.0,690.0,22.287500381469727,5.0,995.0,906.0,8.0
09:05:07,7.0,7.0,49565.0,652.0,22.272916793823242,5.0,995.0,914.0,8.0
09:05:09,7.0,7.0,0.0,628.0,22.245832443237305,5.0,995.0,760.0,8.0
09:05:11,7.0,7.0,0.0,606.0,22.26041603088379,5.0,995.0,792.0,8.0
09:05:13,7.0,7.0,14348.0,590.0,22.306249618530273,5.0,995.0,833.0,8.0
09:05:15,7.0,7.0,10870.0,590.0,22.29166603088379,5.0,995.0,825.0,8.0
09:05:17,7.0,7.0,0.0,592.0,22.28333282470703,5.0,995.0,793.0,8.0
09:05:19,7.0,7.0,0.0,591.0,22.274999618530273,5.0,995.0,790.0,8.0
09:05:21,7.0,7.0,0.0,592.0,22.243749618530273,5.0,995.0,773.0,8.0
09:05:23,7.0,7.0,46522.0,607.0,22.27916717529297,5.0,995.0,907.0,8.0
09:05:25,7.0,7.0,60435.0,612.0,22.285417556762695,5.0,995.0,939.0,8.0
09:05:27,7.0,7.0,64783.0,597.0,22.28125,5.0,995.0,949.0,8.0
09:05:29,7.0,7.0,60435.0,598.0,22.272916793823242,5.0,995.0,939.0,8.0
09:05:31,7.0,7.0,49565.0,598.0,22.266666412353516,5.0,995.0,914.0,8.0
09:05:33,7.0,7.0,30435.0,598.0,22.28333282470703,5.0,995.0,870.0,8.0
09:05:35,7.0,7.0,11304.0,597.0,22.308332443237305,5.0,995.0,826.0,8.0
09:05:37,7.0,7.0,17391.0,597.0,22.304166793823242,5.0,995.0,840.0,8.0
09:05:39,7.0,7.0,5217.0,596.0,22.32291603088379,5.0,995.0,812.0,8.0
09:05:41,7.0,7.0,0.0,595.0,22.308332443237305,5.0,995.0,784.0,8.0
09:05:43,7.0,7.0,0.0,592.0,22.31458282470703,5.0,995.0,784.0,8.0
09:05:45,7.0,7.0,40870.0,593.0,22.293750762939453,5.0,995.0,894.0,8.0
09:05:48,7.0,7.0,55652.0,590.0,22.297916412353516,5.0,995.0,928.0,8.0
09:05:50,7.0,7.0,60435.0,592.0,22.28333282470703,5.0,995.0,939.0,8.0
09:05:52,7.0,7.0,53913.0,589.0,22.299999237060547,5.0,995.0,924.0,8.0
